ANALYSIS_CODE__C,NAME,SHORT_HEADING__C
ICA,ICA,ICA
WCW,WCW,WCW
AMA,AMA,AMA
NHI,NHI,NHI
CLS,CLS,CLS
LT2,LT2,LT2
ARK,ARK,ARK
MIL,MIL,MIL
WLR,WLR,WLR
CLT,CLT,CLT
SME,SME,SME
ICN,ICN,ICN
WHC,WHC,WHC
FRA,FRA,FRA
EVA,EVA,EVA
WEL,WEL,WEL
IRE,IRE,IRE
AMT,AMT,AMT
MCA,MCA,MCA
ICT,ICT,ICT
ICD,ICD,ICD
AMU,AMU,AMU
BSL,BSL,BSL
IMA,IMA,IMA
IML,IML,IML
ES,ES,ES
IMS,IMS,IMS
WSS,WSS,WSS
IAA,IAA,IAA
MNI,MNI,MNI
MRI,MRI,MRI
ICM,ICM,ICM
IAA,IA,IAA
AXC,AXC,AXC
APM,APM,APM
BWD,BWD,BWD
ICS,ICS,ICS
CLI,CLI,CLI
ARU,ARU,ARU